ts	phase	decision	why	evidence	result
2026-10-07T05:21:20Z	frame	Preserve existing public repository and implement parity on a worktree branch	Repository already exists; preserve history and content	https://github.com/alexanderop/nuxt-paper/commit/84705b8	baseline inspected
2026-10-07T05:21:20Z	baseline	Capture immutable upstream reference before code changes	Pixel equivalence needs same source and repeatable comparison	/tmp/nuxt-paper-plan/visual/baseline/manifest.json	34 screenshots; no candidate parity verdict yet
2026-10-07T05:24:03Z	design	Select native Nuxt collections and shared publication policy	Independent same-model judge favored minimal repair over projection or API rewrite	docs/parity/judgment.md	A selected; add source exclusions, collision checks, complete route inventory
2026-10-07T05:24:03Z	baseline	Run existing verification before edits	Identify regressions against a known passing build	84705b8; package.json verification scripts	lint, typecheck, 173 tests, coverage gate, static generation, 8 browser tests passed
2026-10-07T05:25:08Z	reproduce	Confirm stale article content after adjacent navigation	A changed URL and title did not prove the displayed article changed	app/pages/posts/[...slug].vue; test/e2e/navigation.test.ts	Before fix: URL changed to predefined-color-schemes while heading stayed on previous article
2026-10-07T05:25:41Z	visual-method	Keep GPU baseline and add separately labelled software-renderer captures	Repeated upstream article captures differ only in rasterization of identical remote image bytes	/tmp/nuxt-paper-plan/visual-stability/	GPU comparison unstable for article; supplemental deterministic method under verification
2026-10-07T05:27:59Z	visual-method	Verify software-rendered baseline twice	Use repeatable screenshot evidence without changing source, masks, or tolerance	/tmp/nuxt-paper-plan/visual-stability/software-repeat-diff/report.json	34 of 34 identical with zero changed bytes
2026-10-07T05:39:45Z	verify	Use identical static Google Sans Code fonts and Tailwind version	DOM geometry and diagnostic font substitution isolated measured visual differences	app/assets/fonts/provenance.json; /tmp/nuxt-paper-plan/home-dom.json	Bundled original WOFF bytes with OFL; Tailwind4.3.2; fixture03 scheduled
2026-10-07T05:39:45Z	verify	Keep publication testing in an isolated two-build fixture	A previously published post can otherwise survive as stale Pagefind fragments	scripts/verify-publication.mjs; /tmp/nuxt-paper-publication-proof.log	Both published-to-draft builds passed output and compressed index scans
2026-10-07T05:47:48Z	review	Harden reusable comparison tooling	Evidence must reject overwritten or altered inputs and runtime failures	scripts/parity/visual; independent reviewer synthetic fixtures; evidence/upstream-software-repeat.json	Hash checks and exclusive outputs reviewed; immutable34-state repeat still exact
2026-10-07T05:47:48Z	ship	Use gh for forge operations and connector PR creation	Origin CLI is unavailable; built-in GitHub PR tool is available	command -v origin; GitHub create_pull_request tool metadata	Use built-in tool for creation and gh for CI/merge observation
2026-10-07T05:50:33Z	repair	Load MDC config from Nuxt4 app directory	Generated MDC configuration array was empty with root config	app/mdc.config.ts; generated mdc-configs.mjs inspected by implementation owner	Fresh Content cache required to verify transformer output
2026-10-07T05:50:33Z	repair	Disable CSSNano calc rounding	Nuxt default CSSNano rounds exact Tailwind ratios and shifts line boxes	nuxt.config.ts; DOM line-height32 versus31.9999	Keep other minification; preserve exact calc ratios
2026-10-07T06:21:31Z	Verify	Accept the recorded 34-state browser matrix	Every state has identical dimensions and zero changed RGBA bytes with no runtime errors; independent navigation timing also matches	docs/parity/evidence/final-comparison.json; docs/parity/evidence/transition-roundtrip.json	PASS; retain renderer-specific OG rasterization limitation explicitly
2026-10-07T06:28:54Z	Ship	Merge the verified port and confirm the live Pages site	PR14 CI and independent review passed; actual Chrome verifies deployed search/navigation and publication endpoints	https://github.com/alexanderop/nuxt-paper/pull/14; https://github.com/alexanderop/nuxt-paper/actions/runs/37581498964; docs/parity/verification.md	PASS; smoke script accepts the verified Pages trailing-slash redirect while preserving exact query/base checks
